{"01": {"min": -1.0464657545089722, "max": 0.10162132978439331}, "02": {"min": -0.8943486213684082, "max": -0.19338709115982056}, "03": {"min": -1.0145245790481567, "max": -0.16263434290885925}, "04": {"min": -1.0943187475204468, "max": -0.11126469075679779}, "05": {"min": -1.0005629062652588, "max": -0.12592297792434692}, "06": {"min": -0.9114717245101929, "max": -0.06167087331414223}, "07": {"min": -1.0185002088546753, "max": -0.18764422833919525}, "08": {"min": -1.001259207725525, "max": -0.09423214197158813}, "09": {"min": -0.9430429339408875, "max": -0.20039057731628418}, "10": {"min": -0.8878887295722961, "max": -0.09057432413101196}, "11": {"min": -0.973333477973938, "max": -0.24740280210971832}, "12": {"min": -0.9161201119422913, "max": -0.0764448493719101}}