{"01": {"min": 7.555840492248535, "max": 30.44593620300293}, "02": {"min": 8.924041748046875, "max": 28.7883358001709}, "03": {"min": 11.296216011047363, "max": 24.475502014160156}, "04": {"min": 9.606364250183105, "max": 27.26665687561035}, "05": {"min": 9.025755882263184, "max": 28.054576873779297}, "06": {"min": 8.242803573608398, "max": 31.586406707763672}, "07": {"min": 8.160396575927734, "max": 25.54061508178711}, "08": {"min": 5.437286376953125, "max": 31.26297378540039}, "09": {"min": 9.674839973449707, "max": 28.318994522094727}, "10": {"min": 8.841241836547852, "max": 30.115684509277344}, "11": {"min": 9.960139274597168, "max": 27.42752456665039}, "12": {"min": 9.113226890563965, "max": 32.507930755615234}, "13": {"min": 10.780529975891113, "max": 23.36817741394043}}